brand_name,handle_or_page,instagram_url,tiktok_url,website_url,dm_url,niche,market,notes,fit_score,fit_reason,status,first_seen,last_seen,source_urls
Jztang Art,@jztang_art,,https://www.tiktok.com/@jztang_art,,https://www.tiktok.com/@jztang_art,تجارة إلكترونية / محتوى,US,مصدر تجريبي عام من عينة GitHub؛ تحقق يدويًا من أن الحساب براند.,2,حساب TikTok عام من dataset تجريبي,new,2026-09-25T09:06:06+00:00,2026-09-25T09:06:06+00:00,https://raw.githubusercontent.com/luminati-io/TikTok-dataset-samples/main/tiktok-profiles.csv
🦋Emanuelle Maia🦋,@🦋Emanuelle Maia🦋,,https://www.tiktok.com/@amwbaiqnajaj,,https://www.tiktok.com/@amwbaiqnajaj,تجارة إلكترونية / محتوى,BR,مصدر تجريبي عام من عينة GitHub؛ تحقق يدويًا من أن الحساب براند.,2,حساب TikTok عام من dataset تجريبي,new,2026-09-25T09:06:06+00:00,2026-09-25T09:06:06+00:00,https://raw.githubusercontent.com/luminati-io/TikTok-dataset-samples/main/tiktok-profiles.csv
🌸Towwnimaaa 🌸,@🌸towwnimaaa_🌸,,https://www.tiktok.com/@towwnimaaa_,https://youtube.com/@rafiaislamtanima17,https://www.tiktok.com/@towwnimaaa_,تجارة إلكترونية / محتوى,BD,مصدر تجريبي عام من عينة GitHub؛ تحقق يدويًا من أن الحساب براند.,2,حساب TikTok عام من dataset تجريبي,new,2026-09-25T09:06:06+00:00,2026-09-25T09:06:06+00:00,https://raw.githubusercontent.com/luminati-io/TikTok-dataset-samples/main/tiktok-profiles.csv
Maria De Jesus Rodri,@Maria de Jesus Rodri,,https://www.tiktok.com/@dejrmaria83gmail.com,,https://www.tiktok.com/@dejrmaria83gmail.com,تجارة إلكترونية / محتوى,BR,مصدر تجريبي عام من عينة GitHub؛ تحقق يدويًا من أن الحساب براند.,2,حساب TikTok عام من dataset تجريبي,new,2026-09-25T09:06:06+00:00,2026-09-25T09:06:06+00:00,https://raw.githubusercontent.com/luminati-io/TikTok-dataset-samples/main/tiktok-profiles.csv
Géraud Zucchini,@Géraud Zucchini,,https://www.tiktok.com/@docgeraud,https://store.steampowered.com/app/1707400/Larcin_Lazer,https://www.tiktok.com/@docgeraud,تجارة إلكترونية / محتوى,FR,مصدر تجريبي عام من عينة GitHub؛ تحقق يدويًا من أن الحساب براند.,2,حساب TikTok عام من dataset تجريبي,new,2026-09-25T09:06:06+00:00,2026-09-25T09:06:06+00:00,https://raw.githubusercontent.com/luminati-io/TikTok-dataset-samples/main/tiktok-profiles.csv
Mari,@Mari,,https://www.tiktok.com/@marielysshez,,https://www.tiktok.com/@marielysshez,تجارة إلكترونية / محتوى,US,مصدر تجريبي عام من عينة GitHub؛ تحقق يدويًا من أن الحساب براند.,2,حساب TikTok عام من dataset تجريبي,new,2026-09-25T09:06:06+00:00,2026-09-25T09:06:06+00:00,https://raw.githubusercontent.com/luminati-io/TikTok-dataset-samples/main/tiktok-profiles.csv
Zmnlyc,@ZMNLYC,,https://www.tiktok.com/@zmnlyc,,https://www.tiktok.com/@zmnlyc,تجارة إلكترونية / محتوى,TR,مصدر تجريبي عام من عينة GitHub؛ تحقق يدويًا من أن الحساب براند.,2,حساب TikTok عام من dataset تجريبي,new,2026-09-25T09:06:06+00:00,2026-09-25T09:06:06+00:00,https://raw.githubusercontent.com/luminati-io/TikTok-dataset-samples/main/tiktok-profiles.csv
😘Dj💖 Sumi🥰,@😘DJ💖 Sumi🥰,,https://www.tiktok.com/@djsumitra47,,https://www.tiktok.com/@djsumitra47,تجارة إلكترونية / محتوى,US,مصدر تجريبي عام من عينة GitHub؛ تحقق يدويًا من أن الحساب براند.,2,حساب TikTok عام من dataset تجريبي,new,2026-09-25T09:06:06+00:00,2026-09-25T09:06:06+00:00,https://raw.githubusercontent.com/luminati-io/TikTok-dataset-samples/main/tiktok-profiles.csv
🇲🇾 M.T.F 🇲🇨 Nad Ratu Lagg,@🇲🇾 M.T.F 🇲🇨 NAD RATU LAGG,,https://www.tiktok.com/@nadyadanielly86,,https://www.tiktok.com/@nadyadanielly86,تجارة إلكترونية / محتوى,MY,مصدر تجريبي عام من عينة GitHub؛ تحقق يدويًا من أن الحساب براند.,2,حساب TikTok عام من dataset تجريبي,new,2026-09-25T09:06:06+00:00,2026-09-25T09:06:06+00:00,https://raw.githubusercontent.com/luminati-io/TikTok-dataset-samples/main/tiktok-profiles.csv
مـغرورهہ🖤,@مـغرورهہ🖤,,https://www.tiktok.com/@p8_co,,https://www.tiktok.com/@p8_co,تجارة إلكترونية / محتوى,IQ,مصدر تجريبي عام من عينة GitHub؛ تحقق يدويًا من أن الحساب براند.,2,حساب TikTok عام من dataset تجريبي,new,2026-09-25T09:06:06+00:00,2026-09-25T09:06:06+00:00,https://raw.githubusercontent.com/luminati-io/TikTok-dataset-samples/main/tiktok-profiles.csv
⚽️🎮,@⚽️🎮,,https://www.tiktok.com/@fbt.ajjstrmz,,https://www.tiktok.com/@fbt.ajjstrmz,تجارة إلكترونية / محتوى,GB,مصدر تجريبي عام من عينة GitHub؛ تحقق يدويًا من أن الحساب براند.,2,حساب TikTok عام من dataset تجريبي,new,2026-09-25T09:06:06+00:00,2026-09-25T09:06:06+00:00,https://raw.githubusercontent.com/luminati-io/TikTok-dataset-samples/main/tiktok-profiles.csv
Daz,@Daz,,https://www.tiktok.com/@daz578,,https://www.tiktok.com/@daz578,تجارة إلكترونية / محتوى,US,مصدر تجريبي عام من عينة GitHub؛ تحقق يدويًا من أن الحساب براند.,2,حساب TikTok عام من dataset تجريبي,new,2026-09-25T09:06:06+00:00,2026-09-25T09:06:06+00:00,https://raw.githubusercontent.com/luminati-io/TikTok-dataset-samples/main/tiktok-profiles.csv
𝖿𝖺𝗒,@𝖿𝖺𝗒,,https://www.tiktok.com/@jzyxl0rrr_,,https://www.tiktok.com/@jzyxl0rrr_,تجارة إلكترونية / محتوى,TH,مصدر تجريبي عام من عينة GitHub؛ تحقق يدويًا من أن الحساب براند.,2,حساب TikTok عام من dataset تجريبي,new,2026-09-25T09:06:06+00:00,2026-09-25T09:06:06+00:00,https://raw.githubusercontent.com/luminati-io/TikTok-dataset-samples/main/tiktok-profiles.csv
𝔄𝔯𝔫𝔬𝔩𝔡 🥩,@𝔄𝔯𝔫𝔬𝔩𝔡 🥩,,https://www.tiktok.com/@wrxsrz,,https://www.tiktok.com/@wrxsrz,تجارة إلكترونية / محتوى,OM,مصدر تجريبي عام من عينة GitHub؛ تحقق يدويًا من أن الحساب براند.,2,حساب TikTok عام من dataset تجريبي,new,2026-09-25T09:06:06+00:00,2026-09-25T09:06:06+00:00,https://raw.githubusercontent.com/luminati-io/TikTok-dataset-samples/main/tiktok-profiles.csv
Anday,@Anday,,https://www.tiktok.com/@godlydhxlhdlydy,,https://www.tiktok.com/@godlydhxlhdlydy,تجارة إلكترونية / محتوى,US,مصدر تجريبي عام من عينة GitHub؛ تحقق يدويًا من أن الحساب براند.,2,حساب TikTok عام من dataset تجريبي,new,2026-09-25T09:06:06+00:00,2026-09-25T09:06:06+00:00,https://raw.githubusercontent.com/luminati-io/TikTok-dataset-samples/main/tiktok-profiles.csv
That Guy,@That Guy,,https://www.tiktok.com/@grn5,,https://www.tiktok.com/@grn5,تجارة إلكترونية / محتوى,IL,مصدر تجريبي عام من عينة GitHub؛ تحقق يدويًا من أن الحساب براند.,2,حساب TikTok عام من dataset تجريبي,new,2026-09-25T09:06:06+00:00,2026-09-25T09:06:06+00:00,https://raw.githubusercontent.com/luminati-io/TikTok-dataset-samples/main/tiktok-profiles.csv
Hoang Khang 83,@hoang khang 83,,https://www.tiktok.com/@laduol,,https://www.tiktok.com/@laduol,تجارة إلكترونية / محتوى,VN,مصدر تجريبي عام من عينة GitHub؛ تحقق يدويًا من أن الحساب براند.,2,حساب TikTok عام من dataset تجريبي,new,2026-09-25T09:06:06+00:00,2026-09-25T09:06:06+00:00,https://raw.githubusercontent.com/luminati-io/TikTok-dataset-samples/main/tiktok-profiles.csv
Justin 🥊😏,@Justin 🥊😏,,https://www.tiktok.com/@just_call_me_juss_,,https://www.tiktok.com/@just_call_me_juss_,تجارة إلكترونية / محتوى,ZA,مصدر تجريبي عام من عينة GitHub؛ تحقق يدويًا من أن الحساب براند.,2,حساب TikTok عام من dataset تجريبي,new,2026-09-25T09:06:06+00:00,2026-09-25T09:06:06+00:00,https://raw.githubusercontent.com/luminati-io/TikTok-dataset-samples/main/tiktok-profiles.csv
Anish 🌻,@Anish 🌻,,https://www.tiktok.com/@anisabdaziz_,,https://www.tiktok.com/@anisabdaziz_,تجارة إلكترونية / محتوى,MY,مصدر تجريبي عام من عينة GitHub؛ تحقق يدويًا من أن الحساب براند.,2,حساب TikTok عام من dataset تجريبي,new,2026-09-25T09:06:06+00:00,2026-09-25T09:06:06+00:00,https://raw.githubusercontent.com/luminati-io/TikTok-dataset-samples/main/tiktok-profiles.csv
Muzammil Ghous,@Muzammil Ghous,,https://www.tiktok.com/@muzammilghous,,https://www.tiktok.com/@muzammilghous,تجارة إلكترونية / محتوى,PK,مصدر تجريبي عام من عينة GitHub؛ تحقق يدويًا من أن الحساب براند.,2,حساب TikTok عام من dataset تجريبي,new,2026-09-25T09:06:06+00:00,2026-09-25T09:06:06+00:00,https://raw.githubusercontent.com/luminati-io/TikTok-dataset-samples/main/tiktok-profiles.csv
Bianquis,@bianquis,,https://www.tiktok.com/@whoisbianquis,,https://www.tiktok.com/@whoisbianquis,تجارة إلكترونية / محتوى,AR,مصدر تجريبي عام من عينة GitHub؛ تحقق يدويًا من أن الحساب براند.,2,حساب TikTok عام من dataset تجريبي,new,2026-09-25T09:06:06+00:00,2026-09-25T09:06:06+00:00,https://raw.githubusercontent.com/luminati-io/TikTok-dataset-samples/main/tiktok-profiles.csv
Jill,@Jill,,https://www.tiktok.com/@jillxoreads,https://www.amazon.com/hz/wishlist/dl/invite/jgJAc4n?ref_=wl_share,https://www.tiktok.com/@jillxoreads,تجارة إلكترونية / محتوى,US,مصدر تجريبي عام من عينة GitHub؛ تحقق يدويًا من أن الحساب براند.,2,حساب TikTok عام من dataset تجريبي,new,2026-09-25T09:06:06+00:00,2026-09-25T09:06:06+00:00,https://raw.githubusercontent.com/luminati-io/TikTok-dataset-samples/main/tiktok-profiles.csv
Henni💋,@Henni💋,,https://www.tiktok.com/@army7_stay8,,https://www.tiktok.com/@army7_stay8,تجارة إلكترونية / محتوى,DK,مصدر تجريبي عام من عينة GitHub؛ تحقق يدويًا من أن الحساب براند.,2,حساب TikTok عام من dataset تجريبي,new,2026-09-25T09:06:06+00:00,2026-09-25T09:06:06+00:00,https://raw.githubusercontent.com/luminati-io/TikTok-dataset-samples/main/tiktok-profiles.csv
Kazinazefatasneemzarin,@kazinazefatasneemzarin,,https://www.tiktok.com/@kazinazefatasneemzarin,,https://www.tiktok.com/@kazinazefatasneemzarin,تجارة إلكترونية / محتوى,BD,مصدر تجريبي عام من عينة GitHub؛ تحقق يدويًا من أن الحساب براند.,2,حساب TikTok عام من dataset تجريبي,new,2026-09-25T09:06:06+00:00,2026-09-25T09:06:06+00:00,https://raw.githubusercontent.com/luminati-io/TikTok-dataset-samples/main/tiktok-profiles.csv
Olgzppln,@olgzppln,,https://www.tiktok.com/@olgzppln,,https://www.tiktok.com/@olgzppln,تجارة إلكترونية / محتوى,ES,مصدر تجريبي عام من عينة GitHub؛ تحقق يدويًا من أن الحساب براند.,2,حساب TikTok عام من dataset تجريبي,new,2026-09-25T09:06:06+00:00,2026-09-25T09:06:06+00:00,https://raw.githubusercontent.com/luminati-io/TikTok-dataset-samples/main/tiktok-profiles.csv
Super Busy 💖💖💖💖💞💞🙏😭🤲?,@super busy 💖💖💖💖💞💞🙏😭🤲?,,https://www.tiktok.com/@okuujrhhdh,,https://www.tiktok.com/@okuujrhhdh,تجارة إلكترونية / محتوى,KW,مصدر تجريبي عام من عينة GitHub؛ تحقق يدويًا من أن الحساب براند.,2,حساب TikTok عام من dataset تجريبي,new,2026-09-25T09:06:06+00:00,2026-09-25T09:06:06+00:00,https://raw.githubusercontent.com/luminati-io/TikTok-dataset-samples/main/tiktok-profiles.csv
Juanita,@Juanita,,https://www.tiktok.com/@buzymamaz,,https://www.tiktok.com/@buzymamaz,تجارة إلكترونية / محتوى,US,مصدر تجريبي عام من عينة GitHub؛ تحقق يدويًا من أن الحساب براند.,2,حساب TikTok عام من dataset تجريبي,new,2026-09-25T09:06:06+00:00,2026-09-25T09:06:06+00:00,https://raw.githubusercontent.com/luminati-io/TikTok-dataset-samples/main/tiktok-profiles.csv
Nahuel,@Nahuel,,https://www.tiktok.com/@nahuelssjgris,,https://www.tiktok.com/@nahuelssjgris,تجارة إلكترونية / محتوى,AR,مصدر تجريبي عام من عينة GitHub؛ تحقق يدويًا من أن الحساب براند.,2,حساب TikTok عام من dataset تجريبي,new,2026-09-25T09:06:06+00:00,2026-09-25T09:06:06+00:00,https://raw.githubusercontent.com/luminati-io/TikTok-dataset-samples/main/tiktok-profiles.csv
Mary Lopez,@mary lopez,,https://www.tiktok.com/@mary_zaval12090_official,,https://www.tiktok.com/@mary_zaval12090_official,تجارة إلكترونية / محتوى,PE,مصدر تجريبي عام من عينة GitHub؛ تحقق يدويًا من أن الحساب براند.,2,حساب TikTok عام من dataset تجريبي,new,2026-09-25T09:06:06+00:00,2026-09-25T09:06:06+00:00,https://raw.githubusercontent.com/luminati-io/TikTok-dataset-samples/main/tiktok-profiles.csv
Mario Perez,@Mario Perez,,https://www.tiktok.com/@mario.r35,https://youtu.be/Ki8cWB172lc,https://www.tiktok.com/@mario.r35,تجارة إلكترونية / محتوى,US,مصدر تجريبي عام من عينة GitHub؛ تحقق يدويًا من أن الحساب براند.,2,حساب TikTok عام من dataset تجريبي,new,2026-09-25T09:06:06+00:00,2026-09-25T09:06:06+00:00,https://raw.githubusercontent.com/luminati-io/TikTok-dataset-samples/main/tiktok-profiles.csv
Sara Sweety43,@Sara Sweety43,,https://www.tiktok.com/@useri593lsk,,https://www.tiktok.com/@useri593lsk,تجارة إلكترونية / محتوى,IN,مصدر تجريبي عام من عينة GitHub؛ تحقق يدويًا من أن الحساب براند.,2,حساب TikTok عام من dataset تجريبي,new,2026-09-25T09:06:06+00:00,2026-09-25T09:06:06+00:00,https://raw.githubusercontent.com/luminati-io/TikTok-dataset-samples/main/tiktok-profiles.csv
Kool-Aid-Man,@Kool-aid-man,,https://www.tiktok.com/@static_preform,,https://www.tiktok.com/@static_preform,تجارة إلكترونية / محتوى,US,مصدر تجريبي عام من عينة GitHub؛ تحقق يدويًا من أن الحساب براند.,2,حساب TikTok عام من dataset تجريبي,new,2026-09-25T09:06:06+00:00,2026-09-25T09:06:06+00:00,https://raw.githubusercontent.com/luminati-io/TikTok-dataset-samples/main/tiktok-profiles.csv
Deel,@Deel,,https://www.tiktok.com/@deeljojo,,https://www.tiktok.com/@deeljojo,تجارة إلكترونية / محتوى,GP,مصدر تجريبي عام من عينة GitHub؛ تحقق يدويًا من أن الحساب براند.,2,حساب TikTok عام من dataset تجريبي,new,2026-09-25T09:06:06+00:00,2026-09-25T09:06:06+00:00,https://raw.githubusercontent.com/luminati-io/TikTok-dataset-samples/main/tiktok-profiles.csv
Nawab Zada,@Nawab zada,,https://www.tiktok.com/@abdulrazzaqsiyal41,,https://www.tiktok.com/@abdulrazzaqsiyal41,تجارة إلكترونية / محتوى,PK,مصدر تجريبي عام من عينة GitHub؛ تحقق يدويًا من أن الحساب براند.,2,حساب TikTok عام من dataset تجريبي,new,2026-09-25T09:06:06+00:00,2026-09-25T09:06:06+00:00,https://raw.githubusercontent.com/luminati-io/TikTok-dataset-samples/main/tiktok-profiles.csv
Zoey,@zoey,,https://www.tiktok.com/@_pepperwoodchronicles_,,https://www.tiktok.com/@_pepperwoodchronicles_,تجارة إلكترونية / محتوى,US,مصدر تجريبي عام من عينة GitHub؛ تحقق يدويًا من أن الحساب براند.,2,حساب TikTok عام من dataset تجريبي,new,2026-09-25T09:06:06+00:00,2026-09-25T09:06:06+00:00,https://raw.githubusercontent.com/luminati-io/TikTok-dataset-samples/main/tiktok-profiles.csv
Kevin Taylor,@Kevin Taylor,,https://www.tiktok.com/@k_taylor460,,https://www.tiktok.com/@k_taylor460,تجارة إلكترونية / محتوى,US,مصدر تجريبي عام من عينة GitHub؛ تحقق يدويًا من أن الحساب براند.,2,حساب TikTok عام من dataset تجريبي,new,2026-09-25T09:06:06+00:00,2026-09-25T09:06:06+00:00,https://raw.githubusercontent.com/luminati-io/TikTok-dataset-samples/main/tiktok-profiles.csv
Aihara Enju,@aihara_enju,,https://www.tiktok.com/@aihara_enju2,,https://www.tiktok.com/@aihara_enju2,تجارة إلكترونية / محتوى,PH,مصدر تجريبي عام من عينة GitHub؛ تحقق يدويًا من أن الحساب براند.,2,حساب TikTok عام من dataset تجريبي,new,2026-09-25T09:06:06+00:00,2026-09-25T09:06:06+00:00,https://raw.githubusercontent.com/luminati-io/TikTok-dataset-samples/main/tiktok-profiles.csv
Karina Fabiana Muñoz,@Karina Fabiana Muñoz,,https://www.tiktok.com/@karikafamu1970,,https://www.tiktok.com/@karikafamu1970,تجارة إلكترونية / محتوى,AR,مصدر تجريبي عام من عينة GitHub؛ تحقق يدويًا من أن الحساب براند.,2,حساب TikTok عام من dataset تجريبي,new,2026-09-25T09:06:06+00:00,2026-09-25T09:06:06+00:00,https://raw.githubusercontent.com/luminati-io/TikTok-dataset-samples/main/tiktok-profiles.csv
Daisy Santana,@Daisy Santana,,https://www.tiktok.com/@daisysantana13,,https://www.tiktok.com/@daisysantana13,تجارة إلكترونية / محتوى,US,مصدر تجريبي عام من عينة GitHub؛ تحقق يدويًا من أن الحساب براند.,2,حساب TikTok عام من dataset تجريبي,new,2026-09-25T09:06:06+00:00,2026-09-25T09:06:06+00:00,https://raw.githubusercontent.com/luminati-io/TikTok-dataset-samples/main/tiktok-profiles.csv
Meg6275,@Meg6275,,https://www.tiktok.com/@southernheritagecrafts,,https://www.tiktok.com/@southernheritagecrafts,تجارة إلكترونية / محتوى,US,مصدر تجريبي عام من عينة GitHub؛ تحقق يدويًا من أن الحساب براند.,2,حساب TikTok عام من dataset تجريبي,new,2026-09-25T09:06:06+00:00,2026-09-25T09:06:06+00:00,https://raw.githubusercontent.com/luminati-io/TikTok-dataset-samples/main/tiktok-profiles.csv
Captain  Steady 69,@CAPTAIN  STEADY 69,,https://www.tiktok.com/@aremayhuzaimiey,,https://www.tiktok.com/@aremayhuzaimiey,تجارة إلكترونية / محتوى,MY,مصدر تجريبي عام من عينة GitHub؛ تحقق يدويًا من أن الحساب براند.,2,حساب TikTok عام من dataset تجريبي,new,2026-09-25T09:06:06+00:00,2026-09-25T09:06:06+00:00,https://raw.githubusercontent.com/luminati-io/TikTok-dataset-samples/main/tiktok-profiles.csv
Dark Humor,@Dark Humor,,https://www.tiktok.com/@dark_humor_hub_,,https://www.tiktok.com/@dark_humor_hub_,تجارة إلكترونية / محتوى,GB,مصدر تجريبي عام من عينة GitHub؛ تحقق يدويًا من أن الحساب براند.,2,حساب TikTok عام من dataset تجريبي,new,2026-09-25T09:06:06+00:00,2026-09-25T09:06:06+00:00,https://raw.githubusercontent.com/luminati-io/TikTok-dataset-samples/main/tiktok-profiles.csv
🧿Logo A21,@🧿Logo A21,,https://www.tiktok.com/@k_za21,,https://www.tiktok.com/@k_za21,تجارة إلكترونية / محتوى,TN,مصدر تجريبي عام من عينة GitHub؛ تحقق يدويًا من أن الحساب براند.,2,حساب TikTok عام من dataset تجريبي,new,2026-09-25T09:06:06+00:00,2026-09-25T09:06:06+00:00,https://raw.githubusercontent.com/luminati-io/TikTok-dataset-samples/main/tiktok-profiles.csv
Sneaky,@sneaky,,https://www.tiktok.com/@jztt.wehii,,https://www.tiktok.com/@jztt.wehii,تجارة إلكترونية / محتوى,NZ,مصدر تجريبي عام من عينة GitHub؛ تحقق يدويًا من أن الحساب براند.,2,حساب TikTok عام من dataset تجريبي,new,2026-09-25T09:06:06+00:00,2026-09-25T09:06:06+00:00,https://raw.githubusercontent.com/luminati-io/TikTok-dataset-samples/main/tiktok-profiles.csv
Alkanderii💓,@alkanderii💓,,https://www.tiktok.com/@7axll70,,https://www.tiktok.com/@7axll70,تجارة إلكترونية / محتوى,KW,مصدر تجريبي عام من عينة GitHub؛ تحقق يدويًا من أن الحساب براند.,2,حساب TikTok عام من dataset تجريبي,new,2026-09-25T09:06:06+00:00,2026-09-25T09:06:06+00:00,https://raw.githubusercontent.com/luminati-io/TikTok-dataset-samples/main/tiktok-profiles.csv
Babyben2019,@Babyben2019,,https://www.tiktok.com/@babyben2019,,https://www.tiktok.com/@babyben2019,تجارة إلكترونية / محتوى,CA,مصدر تجريبي عام من عينة GitHub؛ تحقق يدويًا من أن الحساب براند.,2,حساب TikTok عام من dataset تجريبي,new,2026-09-25T09:06:06+00:00,2026-09-25T09:06:06+00:00,https://raw.githubusercontent.com/luminati-io/TikTok-dataset-samples/main/tiktok-profiles.csv
✦°·𝙹𝔸𝑵𝑵𝔸·°✦,@✦°·𝙹𝔸𝑵𝑵𝔸·°✦,,https://www.tiktok.com/@vwix_mae.ash,,https://www.tiktok.com/@vwix_mae.ash,تجارة إلكترونية / محتوى,PH,مصدر تجريبي عام من عينة GitHub؛ تحقق يدويًا من أن الحساب براند.,2,حساب TikTok عام من dataset تجريبي,new,2026-09-25T09:06:06+00:00,2026-09-25T09:06:06+00:00,https://raw.githubusercontent.com/luminati-io/TikTok-dataset-samples/main/tiktok-profiles.csv
ธิดารักษ์ (เพียงฟ้า),@ธิดารักษ์ (เพียงฟ้า),,https://www.tiktok.com/@pieng_fah,,https://www.tiktok.com/@pieng_fah,تجارة إلكترونية / محتوى,TH,مصدر تجريبي عام من عينة GitHub؛ تحقق يدويًا من أن الحساب براند.,2,حساب TikTok عام من dataset تجريبي,new,2026-09-25T09:06:06+00:00,2026-09-25T09:06:06+00:00,https://raw.githubusercontent.com/luminati-io/TikTok-dataset-samples/main/tiktok-profiles.csv
Jamie 🦋🥀     ✨Xtl🧸,@Jamie 🦋🥀_____✨xtl🧸,,https://www.tiktok.com/@septemberquin5,,https://www.tiktok.com/@septemberquin5,تجارة إلكترونية / محتوى,AE,مصدر تجريبي عام من عينة GitHub؛ تحقق يدويًا من أن الحساب براند.,2,حساب TikTok عام من dataset تجريبي,new,2026-09-25T09:06:06+00:00,2026-09-25T09:06:06+00:00,https://raw.githubusercontent.com/luminati-io/TikTok-dataset-samples/main/tiktok-profiles.csv
Alextk🎿,@AlexTK🎿,,https://www.tiktok.com/@alextk._,,https://www.tiktok.com/@alextk._,تجارة إلكترونية / محتوى,CA,مصدر تجريبي عام من عينة GitHub؛ تحقق يدويًا من أن الحساب براند.,2,حساب TikTok عام من dataset تجريبي,new,2026-09-25T09:06:06+00:00,2026-09-25T09:06:06+00:00,https://raw.githubusercontent.com/luminati-io/TikTok-dataset-samples/main/tiktok-profiles.csv
Papiangel,@Papiangel,,https://www.tiktok.com/@papiangel914,,https://www.tiktok.com/@papiangel914,تجارة إلكترونية / محتوى,US,مصدر تجريبي عام من عينة GitHub؛ تحقق يدويًا من أن الحساب براند.,2,حساب TikTok عام من dataset تجريبي,new,2026-09-25T09:06:06+00:00,2026-09-25T09:06:06+00:00,https://raw.githubusercontent.com/luminati-io/TikTok-dataset-samples/main/tiktok-profiles.csv
Esther Cue,@Esther Cue,,https://www.tiktok.com/@esthercue7,,https://www.tiktok.com/@esthercue7,تجارة إلكترونية / محتوى,AR,مصدر تجريبي عام من عينة GitHub؛ تحقق يدويًا من أن الحساب براند.,2,حساب TikTok عام من dataset تجريبي,new,2026-09-25T09:06:06+00:00,2026-09-25T09:06:06+00:00,https://raw.githubusercontent.com/luminati-io/TikTok-dataset-samples/main/tiktok-profiles.csv
-Kiki-,@-kiki-,,https://www.tiktok.com/@kiki.33.levin,,https://www.tiktok.com/@kiki.33.levin,تجارة إلكترونية / محتوى,AR,مصدر تجريبي عام من عينة GitHub؛ تحقق يدويًا من أن الحساب براند.,2,حساب TikTok عام من dataset تجريبي,new,2026-09-25T09:06:06+00:00,2026-09-25T09:06:06+00:00,https://raw.githubusercontent.com/luminati-io/TikTok-dataset-samples/main/tiktok-profiles.csv
Md Emon Khan,@Md Emon Khan,,https://www.tiktok.com/@em55666,https://vt.tiktok.com/ZSR1gfrFm/,https://www.tiktok.com/@em55666,تجارة إلكترونية / محتوى,BD,مصدر تجريبي عام من عينة GitHub؛ تحقق يدويًا من أن الحساب براند.,2,حساب TikTok عام من dataset تجريبي,new,2026-09-25T09:06:06+00:00,2026-09-25T09:06:06+00:00,https://raw.githubusercontent.com/luminati-io/TikTok-dataset-samples/main/tiktok-profiles.csv
أبو جـــــان,@أبو جـــــان,,https://www.tiktok.com/@k.ln7,,https://www.tiktok.com/@k.ln7,تجارة إلكترونية / محتوى,IQ,مصدر تجريبي عام من عينة GitHub؛ تحقق يدويًا من أن الحساب براند.,2,حساب TikTok عام من dataset تجريبي,new,2026-09-25T09:06:06+00:00,2026-09-25T09:06:06+00:00,https://raw.githubusercontent.com/luminati-io/TikTok-dataset-samples/main/tiktok-profiles.csv
Ekrk,@ekrk,,https://www.tiktok.com/@eeedjejrkebvf8e8e8,,https://www.tiktok.com/@eeedjejrkebvf8e8e8,تجارة إلكترونية / محتوى,FR,مصدر تجريبي عام من عينة GitHub؛ تحقق يدويًا من أن الحساب براند.,2,حساب TikTok عام من dataset تجريبي,new,2026-09-25T09:06:06+00:00,2026-09-25T09:06:06+00:00,https://raw.githubusercontent.com/luminati-io/TikTok-dataset-samples/main/tiktok-profiles.csv
Butterfly,@butterfly,,https://www.tiktok.com/@editxs._.butterfy,,https://www.tiktok.com/@editxs._.butterfy,تجارة إلكترونية / محتوى,BR,مصدر تجريبي عام من عينة GitHub؛ تحقق يدويًا من أن الحساب براند.,2,حساب TikTok عام من dataset تجريبي,new,2026-09-25T09:06:06+00:00,2026-09-25T09:06:06+00:00,https://raw.githubusercontent.com/luminati-io/TikTok-dataset-samples/main/tiktok-profiles.csv
Parrica08,@parrica08,,https://www.tiktok.com/@parrica08,,https://www.tiktok.com/@parrica08,تجارة إلكترونية / محتوى,ES,مصدر تجريبي عام من عينة GitHub؛ تحقق يدويًا من أن الحساب براند.,2,حساب TikTok عام من dataset تجريبي,new,2026-09-25T09:06:06+00:00,2026-09-25T09:06:06+00:00,https://raw.githubusercontent.com/luminati-io/TikTok-dataset-samples/main/tiktok-profiles.csv
Marco Zuccotti,@Marco Zuccotti,,https://www.tiktok.com/@marcozuccottiart,,https://www.tiktok.com/@marcozuccottiart,تجارة إلكترونية / محتوى,IT,مصدر تجريبي عام من عينة GitHub؛ تحقق يدويًا من أن الحساب براند.,2,حساب TikTok عام من dataset تجريبي,new,2026-09-25T09:06:06+00:00,2026-09-25T09:06:06+00:00,https://raw.githubusercontent.com/luminati-io/TikTok-dataset-samples/main/tiktok-profiles.csv
Bayanaka Garage,@Bayanaka Garage,,https://www.tiktok.com/@bayanaka_garage,,https://www.tiktok.com/@bayanaka_garage,تجارة إلكترونية / محتوى,ID,مصدر تجريبي عام من عينة GitHub؛ تحقق يدويًا من أن الحساب براند.,2,حساب TikTok عام من dataset تجريبي,new,2026-09-25T09:06:06+00:00,2026-09-25T09:06:06+00:00,https://raw.githubusercontent.com/luminati-io/TikTok-dataset-samples/main/tiktok-profiles.csv
Naar Abaya,@Naar Abaya,,https://www.tiktok.com/@eram_mohammad,https://naarabaya.com/,https://www.tiktok.com/@eram_mohammad,تجارة إلكترونية / محتوى,AE,مصدر تجريبي عام من عينة GitHub؛ تحقق يدويًا من أن الحساب براند.,2,حساب TikTok عام من dataset تجريبي,new,2026-09-25T09:14:03+00:00,2026-09-25T09:14:03+00:00,https://raw.githubusercontent.com/luminati-io/TikTok-dataset-samples/main/tiktok-profiles.csv
